"source_id","title","source_type","document_type","language","publication_date","local_path","source_url","collection_url","public_access","dedup_status","duplicate_of","notes"
"ssl_web_001","Sustainable Solutions Lab ScholarWorks collection","webpage","collection_page","en","","data\raw\ssl_collection_page_snapshot.md","https://scholarworks.umb.edu/ssl/","https://scholarworks.umb.edu/ssl/","yes","unique","","Use this for SSL overview, collection metadata, and public publication links. The screenshot widget on this page appears to be a readership/download map, not a map of study locations."
"ssl_web_002","Sustainable Solutions Lab - UMass Boston","webpage","homepage","en","","data\raw\webpages\ssl_homepage_snapshot.md","https://www.umb.edu/ssl/","https://www.umb.edu/ssl/","yes","unique","","Use this for the main SSL overview, mission, climate justice framing, and contact information."
"ssl_web_003","People - Sustainable Solutions Lab","webpage","staff_page","en","","data\raw\webpages\ssl_people_snapshot.md","https://www.umb.edu/ssl/people/","https://www.umb.edu/ssl/","yes","unique","","Use this for current SSL staff roles, especially the executive director and research leadership."
"ssl_web_004","Research & Publications - Sustainable Solutions Lab","webpage","research_page","en","","data\raw\webpages\ssl_research_snapshot.md","https://www.umb.edu/ssl/research/","https://www.umb.edu/ssl/","yes","unique","","Use this for SSL's research framing, annual reports, and publication archive overview."
"ssl_web_005","Projects & Initiatives - Sustainable Solutions Lab","webpage","projects_page","en","","data\raw\webpages\ssl_projects_snapshot.md","https://www.umb.edu/ssl/projects/","https://www.umb.edu/ssl/","yes","unique","","Use this for project descriptions, initiative summaries, and the SSL contact phone number."
"ssl_pdf_001","Community-Led Climate Preparedness and Resilience in Boston: New Evidence from Communities of Color","pdf","article","en","2024-09-22","source material\Community-Led Climate Preparedness and Resilience in Boston_ New.pdf","https://scholarworks.umb.edu/ssl/1","https://scholarworks.umb.edu/ssl/","yes","unique","","Good candidate for questions about communities of color, preparedness, and resilience in Boston."
"ssl_pdf_002","Connecting for Equitable Climate Adaptation: Mapping Stakeholder Relationships in Metro Boston","pdf","research_report","en","2022-06","source material\Connecting for Equitable Climate Adaptation_ Mapping Stakeholder.pdf","https://scholarworks.umb.edu/ssl/8","https://scholarworks.umb.edu/ssl/","yes","unique","","Useful for stakeholder mapping and equitable adaptation questions."
"ssl_pdf_003","Critical approaches to climate-induced migration research and solutions","pdf","article","en","2025-01","source material\Critical approaches to climate-induced migration research and sol.pdf","https://scholarworks.umb.edu/ssl/10","https://scholarworks.umb.edu/ssl/","yes","unique","","Useful for broader thematic climate justice and migration questions."
"ssl_pdf_004","Executive Summary: Feasibility of Harbor-wide Barrier Systems: Preliminary Analysis for Boston Harbor","pdf","executive_summary","en","2018-05","source material\Executive Summary_Feasibility of Harbor-wide Barrier Systems_ Pre.pdf","https://scholarworks.umb.edu/ssl/11","https://scholarworks.umb.edu/ssl/","yes","unique","","Shorter companion to full barrier systems report."
"ssl_pdf_005","Executive Summary: Financing Climate Resilience: Mobilizing Resources and Incentives to Protect Boston from Climate Risks","pdf","executive_summary","en","2018-04","source material\Executive Summary_Financing Climate Resilience_ Mobilizing Resour.pdf","https://scholarworks.umb.edu/ssl/13","https://scholarworks.umb.edu/ssl/","yes","unique","","Shorter companion to full financing report."
"ssl_pdf_006","Executive Summary: Governance for a Changing Climate: Adapting Boston's Built Environment for Increased Flooding","pdf","executive_summary","en","2018-09","source material\Executive Summary_Governance for a Changing Climate_ Adapting Bos.pdf","https://scholarworks.umb.edu/ssl/15","https://scholarworks.umb.edu/ssl/","yes","unique","","Shorter companion to full governance report."
"ssl_pdf_007","Feasibility of Harbor-wide Barrier Systems: Preliminary Analysis for Boston Harbor","pdf","research_report","en","2018-05","source material\Feasibility of Harbor-wide Barrier Systems_ Preliminary Analysis.pdf","https://scholarworks.umb.edu/ssl/2","https://scholarworks.umb.edu/ssl/","yes","unique","","Useful for infrastructure and flood-risk questions."
"ssl_pdf_008","Financing Climate Resilience: Mobilizing Resources and Incentives to Protect Boston from Climate Risks","pdf","research_report","en","2018-04","source material\Financing Climate Resilience_ Mobilizing Resources and Incentives.pdf","https://scholarworks.umb.edu/ssl/12","https://scholarworks.umb.edu/ssl/","yes","unique","","Useful for funding mechanisms, incentives, and equity in resilience financing."
"ssl_pdf_009","Governance for a Changing Climate: Adapting Boston's Built Environment for Increased Flooding","pdf","research_report","en","2018-09","source material\Governance for a Changing Climate_ Adapting Boston_s Built Enviro.pdf","https://scholarworks.umb.edu/ssl/14","https://scholarworks.umb.edu/ssl/","yes","unique","","Useful for governance, zoning, and coordination questions."
"ssl_pdf_010","Learning from the Massachusetts Municipal Vulnerability Preparedness (MVP) Program in the Greater Boston Region","pdf","research_report","en","2022-04","source material\Learning from the Massachusetts Municipal Vulnerability Preparedn.pdf","https://scholarworks.umb.edu/ssl/3","https://scholarworks.umb.edu/ssl/","yes","unique","","Useful for MVP program, regional planning, and adaptation capacity questions."
"ssl_pdf_011","Oportunidad en la Complejidad: Recomendaciones para una Resiliencia Climática Equitativa en East Boston","pdf","research_report","es","2021-12","source material\Oportunidad en la Complejidad_Recomendaciones para una Resilienci.pdf","https://scholarworks.umb.edu/ssl/9","https://scholarworks.umb.edu/ssl/","yes","unique","","Spanish-language version. Keep language metadata to avoid mixed-language retrieval surprises."
"ssl_pdf_012","Opportunity in the Complexity: Recommendations for Equitable Climate Resilience in East Boston","pdf","research_report","en","2021-12","source material\Opportunity in the Complexity_ Recommendations for Equitable Clim.pdf","https://scholarworks.umb.edu/ssl/4","https://scholarworks.umb.edu/ssl/","yes","unique","","English companion to the Spanish East Boston report."
"ssl_pdf_013","Views that Matter: Race and Opinions on Climate Change of Boston Area Residents","pdf","research_report","en","2020-09","source material\Views that Matter_ Race and Opinions on Climate Change of Boston.pdf","https://scholarworks.umb.edu/ssl/5","https://scholarworks.umb.edu/ssl/","yes","unique","","Useful for survey findings and racial disparities in climate opinion."
"ssl_pdf_014","Views that Matter: Race and Opinions on Climate Change of Boston Area Residents","pdf","research_report","en","2020-09","source material\Views that Matter_ Race and Opinions on Climate Change of Boston (1).pdf","https://scholarworks.umb.edu/ssl/5","https://scholarworks.umb.edu/ssl/","yes","duplicate","ssl_pdf_013","Exact duplicate by file hash. Exclude from indexing."
"ssl_pdf_015","Voices that Matter: Boston Area Residents of Color Discuss Climate Change","pdf","research_report","en","2022-12","source material\Voices that Matter_ Boston Area Residents of Color Discuss Climat.pdf","https://scholarworks.umb.edu/ssl/6","https://scholarworks.umb.edu/ssl/","yes","unique","","Useful for qualitative community perspectives and resident concerns."
"ssl_pdf_016","Who Counts in Climate Resilience? Transient Populations and Climate Resilience in Boston and Cape Cod, Massachusetts","pdf","research_report","en","2023-09","source material\Who Counts in Climate Resilience_ Transient Populations and Clima.pdf","https://scholarworks.umb.edu/ssl/7","https://scholarworks.umb.edu/ssl/","yes","unique","","Useful for questions about transience, homelessness, seasonal workers, Boston, and Cape Cod."
